title,handle,vendor,price,status,published,existing_product_id,collection_handle,source_url,logo_source_url,custom_type_multiple,product_features,plans_pricing,pros_cons,seo_title,seo_description,confidence,verification_notes,missing_fields,filters_json
GreenGeeks Lite Shared Hosting,greengeeks-linux-shared-hosting-lite,GreenGeeks,2.95,active,true,9096033698031,linux-shared-hosting,https://www.greengeeks.com/cpanel-hosting,https://www.greengeeks.com,Linux Shared Hosting,"- 1 website
- 25 GB web space
- Unmetered transfer
- Free SSL certificate
- Free domain for the first year on eligible terms
- Free nightly backups
- Free email accounts
- Free CDN
- cPanel, SSH, and WP-CLI support","- Lite: $2.95/month advertised introductory price
- Higher renewal pricing may apply on GreenGeeks renewal terms","- Pros: Entry plan still includes SSL, email, CDN, backups, and cPanel access
- Pros: Official page includes SSH and WP-CLI tooling alongside standard hosting features
- Cons: Limited to 1 website
- Cons: Storage allowance is lower than GreenGeeks higher plans",GreenGeeks Lite Shared Hosting | GreenGeeks Linux Shared Hosting,"GreenGeeks Lite Shared Hosting from GreenGeeks with 1 website, 25 GB web space, Unmetered transfer. Lowest advertised price 2.95.",high,- Price and plan limits verified from official GreenGeeks cPanel hosting page,custom.logo_image,"{""hosting_type"":[""Shared hosting""],""pricing_model"":[""Subscription""],""price_band"":[""Under $10/month""],""control_panel"":[""cPanel""],""support_coverage"":[""24/7 support""],""target_segment"":[""Individuals"",""Small business""]}"
GreenGeeks Pro Shared Hosting,greengeeks-linux-shared-hosting-pro,GreenGeeks,4.95,active,true,9096033829103,linux-shared-hosting,https://www.greengeeks.com/cpanel-hosting,https://www.greengeeks.com,Linux Shared Hosting,"- Unlimited websites
- 50 GB web space
- Unmetered transfer
- Free SSL certificate
- Free nightly backups
- On-demand backups
- Free email accounts
- Free CDN
- Priority support","- Pro: $4.95/month advertised introductory price
- Priority support and on-demand backups are listed on the official page","- Pros: Supports multiple websites without moving to a higher infrastructure class
- Pros: Adds on-demand backups and priority support over the Lite plan
- Cons: Still a shared-hosting environment rather than isolated VPS resources
- Cons: Storage remains capped at 50 GB",GreenGeeks Pro Shared Hosting | GreenGeeks Linux Shared Hosting,"GreenGeeks Pro Shared Hosting from GreenGeeks with Unlimited websites, 50 GB web space, Unmetered transfer. Lowest advertised price 4.95.",high,- Plan inclusions verified from official GreenGeeks cPanel hosting comparison table,custom.logo_image,"{""hosting_type"":[""Shared hosting""],""pricing_model"":[""Subscription""],""price_band"":[""Under $10/month""],""control_panel"":[""cPanel""],""support_coverage"":[""24/7 support"",""Priority support""],""target_segment"":[""Small business""]}"
GreenGeeks Premium Shared Hosting,greengeeks-linux-shared-hosting-premium,GreenGeeks,8.95,active,true,9096033763567,linux-shared-hosting,https://www.greengeeks.com/cpanel-hosting,https://www.greengeeks.com,Linux Shared Hosting,"- Unlimited websites
- 100 GB web space
- Unmetered transfer
- Dedicated IP
- Premium AlphaSSL
- Redis object caching
- Free nightly backups
- Free CDN
- Priority support","- Premium: $8.95/month advertised introductory price
- Dedicated IP, AlphaSSL, and Redis object caching are listed on the official page","- Pros: Highest GreenGeeks shared plan adds dedicated IP and premium SSL
- Pros: Includes the largest advertised storage allocation in this lineup
- Cons: Higher starting price than the Lite and Pro plans
- Cons: Still shares server resources with other accounts",GreenGeeks Premium Shared Hosting | GreenGeeks Linux Shared Hosting,"GreenGeeks Premium Shared Hosting from GreenGeeks with Unlimited websites, 100 GB web space, Unmetered transfer. Lowest advertised price 8.95.",high,- Premium plan extras verified from official GreenGeeks cPanel hosting page,custom.logo_image,"{""hosting_type"":[""Shared hosting""],""pricing_model"":[""Subscription""],""price_band"":[""Under $10/month""],""control_panel"":[""cPanel""],""support_coverage"":[""24/7 support"",""Priority support""],""target_segment"":[""Small business""]}"
Hostwinds Basic Shared Hosting,hostwinds-linux-shared-hosting-basic,Hostwinds,4.54,active,true,9096034910447,linux-shared-hosting,https://www.hostwinds.com/hosting/shared,https://www.hostwinds.com,Linux Shared Hosting,"- 1 domain
- Unlimited bandwidth
- Unlimited disk space
- Latest cPanel
- Free SSL certificate
- Instant setup
- Nightly backups
- Unlimited subdomains, databases, and email accounts
- Free dedicated IP","- Basic: $4.54/month advertised price
- Hostwinds positions the plan for 1 domain","- Pros: Official page includes nightly backups, SSL, and a dedicated IP
- Pros: Core storage and bandwidth are listed as unlimited
- Cons: Restricted to 1 hosted domain
- Cons: Shared plan resources are not dedicated",Hostwinds Basic Shared Hosting | Hostwinds Linux Shared Hosting,"Hostwinds Basic Shared Hosting from Hostwinds with 1 domain, Unlimited bandwidth, Unlimited disk space. Lowest advertised price 4.54.",high,- Basic shared-hosting details verified from official Hostwinds shared hosting page,custom.logo_image,"{""hosting_type"":[""Shared hosting""],""pricing_model"":[""Subscription""],""price_band"":[""Under $10/month""],""control_panel"":[""cPanel""],""support_coverage"":[""24/7 support""],""target_segment"":[""Individuals"",""Small business""]}"
Hostwinds Advanced Shared Hosting,hostwinds-linux-shared-hosting-advanced,Hostwinds,5.84,active,true,9096034844911,linux-shared-hosting,https://www.hostwinds.com/hosting/shared,https://www.hostwinds.com,Linux Shared Hosting,"- 4 domains
- Unlimited bandwidth
- Unlimited disk space
- Latest cPanel
- Free SSL certificate
- Nightly backups
- Unlimited subdomains, databases, and email accounts
- Instant setup
- Free dedicated IP","- Advanced: $5.84/month advertised price
- Hostwinds positions the plan for up to 4 domains","- Pros: Supports multiple domains while keeping the same shared-hosting toolset
- Pros: Includes nightly backups and free SSL on the official page
- Cons: Domain allowance is still capped
- Cons: Shared hosting is less isolated than VPS or dedicated options",Hostwinds Advanced Shared Hosting | Hostwinds Linux Shared Hosting,"Hostwinds Advanced Shared Hosting from Hostwinds with 4 domains, Unlimited bandwidth, Unlimited disk space. Lowest advertised price 5.84.",high,- Advanced domain count and advertised pricing verified from official Hostwinds shared hosting page,custom.logo_image,"{""hosting_type"":[""Shared hosting""],""pricing_model"":[""Subscription""],""price_band"":[""Under $10/month""],""control_panel"":[""cPanel""],""support_coverage"":[""24/7 support""],""target_segment"":[""Small business""]}"
Hostwinds Ultimate Shared Hosting,hostwinds-linux-shared-hosting-ultimate,Hostwinds,7.14,active,true,9096034975983,linux-shared-hosting,https://www.hostwinds.com/hosting/shared,https://www.hostwinds.com,Linux Shared Hosting,"- Unlimited domains
- Unlimited bandwidth
- Unlimited disk space
- Latest cPanel
- Free SSL certificate
- Nightly backups
- Unlimited subdomains, databases, and email accounts
- Instant setup
- Free dedicated IP","- Ultimate: $7.14/month advertised price
- Hostwinds positions the plan for unlimited domains","- Pros: Unlimited domain hosting on the provider's shared-hosting tier
- Pros: Keeps dedicated IP, SSL, and nightly backups in the same plan
- Cons: Still a shared environment despite the larger allowance
- Cons: No isolated compute guarantees are published for this plan tier",Hostwinds Ultimate Shared Hosting | Hostwinds Linux Shared Hosting,"Hostwinds Ultimate Shared Hosting from Hostwinds with Unlimited domains, Unlimited bandwidth, Unlimited disk space. Lowest advertised price 7.14.",high,- Ultimate plan features verified from official Hostwinds shared hosting page,custom.logo_image,"{""hosting_type"":[""Shared hosting""],""pricing_model"":[""Subscription""],""price_band"":[""Under $10/month""],""control_panel"":[""cPanel""],""support_coverage"":[""24/7 support""],""target_segment"":[""Small business"",""Agencies""]}"
KnownHost Basic Shared Hosting,knownhost-linux-shared-hosting-basic,KnownHost,3.47,active,true,9096035696879,linux-shared-hosting,https://www.knownhost.com/compare/web-hosting,https://www.knownhost.com,Linux Shared Hosting,"- 1 domain
- 1 CPU core
- 1 GB RAM
- 10 GB cloud storage
- 5 email accounts
- 2 MySQL databases
- 100,000 inodes
- Free SSL and dedicated IPv4
- cPanel, LiteSpeed, NVMe backend, and free migrations","- Basic: $3.47/month advertised price
- KnownHost lists this tier with 1 domain","- Pros: Official page publishes CPU and RAM allocations instead of only marketing copy
- Pros: Includes dedicated IPv4 and free migrations on the entry plan
- Cons: Single-domain allowance
- Cons: Entry-level email, database, and storage limits are modest",KnownHost Basic Shared Hosting | KnownHost Linux Shared Hosting,"KnownHost Basic Shared Hosting from KnownHost with 1 domain, 1 CPU core, 1 GB RAM. Lowest advertised price 3.47.",high,- Plan limits verified from official KnownHost web-hosting comparison page,custom.logo_image,"{""hosting_type"":[""Shared hosting""],""pricing_model"":[""Subscription""],""price_band"":[""Under $10/month""],""control_panel"":[""cPanel""],""support_coverage"":[""24/7 support"",""Migration / onboarding help""],""target_segment"":[""Individuals"",""Developers""]}"
KnownHost Standard Shared Hosting,knownhost-linux-shared-hosting-standard,KnownHost,6.48,active,true,9096035893487,linux-shared-hosting,https://www.knownhost.com/compare/web-hosting,https://www.knownhost.com,Linux Shared Hosting,"- 5 domains
- 2 CPU cores
- 2 GB RAM
- 25 GB cloud storage
- 25 email accounts
- 5 MySQL databases
- 200,000 inodes
- Free SSL and dedicated IPv4
- cPanel, LiteSpeed, NVMe backend, and free migrations","- Standard: $6.48/month advertised price
- KnownHost lists this tier with 5 domains","- Pros: Adds CPU, RAM, domains, and storage over the Basic tier
- Pros: Still includes cPanel, dedicated IPv4, and migrations
- Cons: Website count is capped at 5
- Cons: Storage remains limited compared with the top plan",KnownHost Standard Shared Hosting | KnownHost Linux Shared Hosting,"KnownHost Standard Shared Hosting from KnownHost with 5 domains, 2 CPU cores, 2 GB RAM. Lowest advertised price 6.48.",high,- Standard plan values verified from official KnownHost comparison page,custom.logo_image,"{""hosting_type"":[""Shared hosting""],""pricing_model"":[""Subscription""],""price_band"":[""Under $10/month""],""control_panel"":[""cPanel""],""support_coverage"":[""24/7 support"",""Migration / onboarding help""],""target_segment"":[""Small business"",""Developers""]}"
KnownHost Professional Shared Hosting,knownhost-linux-shared-hosting-professional,KnownHost,9.98,active,true,9096035827951,linux-shared-hosting,https://www.knownhost.com/compare/web-hosting,https://www.knownhost.com,Linux Shared Hosting,"- Unlimited domains
- 4 CPU cores
- 4 GB RAM
- Unlimited cloud storage
- Unlimited email accounts
- Unlimited MySQL databases
- 300,000 inodes
- Free SSL and dedicated IPv4
- cPanel, LiteSpeed, NVMe backend, free migrations, and Patchman","- Professional: $9.98/month advertised price
- KnownHost lists this tier with unlimited domains and Patchman","- Pros: Largest resource allocation among the selected KnownHost shared plans
- Pros: Adds Patchman while keeping cPanel and migration support
- Cons: Highest starting price in the selected KnownHost set
- Cons: Shared hosting still does not provide VPS-style root control",KnownHost Professional Shared Hosting | KnownHost Linux Shared Hosting,"KnownHost Professional Shared Hosting from KnownHost with Unlimited domains, 4 CPU cores, 4 GB RAM. Lowest advertised price 9.98.",high,- Professional plan inclusions verified from official KnownHost comparison page,custom.logo_image,"{""hosting_type"":[""Shared hosting""],""pricing_model"":[""Subscription""],""price_band"":[""Under $10/month""],""control_panel"":[""cPanel""],""support_coverage"":[""24/7 support"",""Migration / onboarding help""],""target_segment"":[""Small business"",""Agencies"",""Developers""]}"
Namecheap Stellar Shared Hosting,namecheap-linux-shared-hosting-stellar,Namecheap,1.98,active,true,9096036253935,linux-shared-hosting,https://www.namecheap.com/hosting/shared/,https://www.namecheap.com,Linux Shared Hosting,"- 3 websites
- 20 GB SSD storage
- Unmetered bandwidth
- 30 email mailboxes
- Twice-weekly backups
- Free migration
- Free SSL certificate
- CDN support
- cPanel, SSH access, and LiteSpeed web server","- Stellar: 30-day free trial, then $22.88/year introductory price
- Namecheap also states the plan renews at $48.88/year","- Pros: Official page provides both intro and renewal yearly pricing
- Pros: Includes SSH and cPanel alongside standard shared-hosting features
- Cons: Website count is capped at 3
- Cons: Storage is limited to 20 GB SSD",Namecheap Stellar Shared Hosting | Namecheap Linux Shared Hosting,"Namecheap Stellar Shared Hosting from Namecheap with 3 websites, 20 GB SSD storage, Unmetered bandwidth. Lowest advertised price 1.98.",high,- Stellar plan pricing and inclusions verified from official Namecheap shared hosting page,custom.logo_image,"{""hosting_type"":[""Shared hosting""],""pricing_model"":[""Subscription""],""price_band"":[""Under $10/month""],""billing_cycle"":[""Annual""],""control_panel"":[""cPanel""],""support_coverage"":[""24/7 support"",""Migration / onboarding help""],""target_segment"":[""Individuals"",""Small business""]}"
Namecheap Stellar Plus Shared Hosting,namecheap-linux-shared-hosting-stellar-plus,Namecheap,2.98,active,true,9096036385007,linux-shared-hosting,https://www.namecheap.com/hosting/shared/,https://www.namecheap.com,Linux Shared Hosting,"- Unlimited websites
- Unmetered SSD storage
- Unlimited email mailboxes
- AutoBackup included
- Free migration
- Free SSL certificate
- CDN support
- cPanel, SSH access, and LiteSpeed web server","- Stellar Plus: 30-day free trial, then $34.88/year introductory price
- Namecheap also states the plan renews at $74.88/year","- Pros: Unlimited websites and mailboxes on the shared-hosting tier
- Pros: Official page calls out AutoBackup and unmetered SSD storage
- Cons: Renewal price is higher than the intro rate
- Cons: Shared hosting does not provide server-level control",Namecheap Stellar Plus Shared Hosting | Namecheap Linux Shared Hosting,"Namecheap Stellar Plus Shared Hosting from Namecheap with Unlimited websites, Unmetered SSD storage, Unlimited email mailboxes. Lowest advertised price 2.98.",high,- Stellar Plus values verified from official Namecheap shared hosting page,custom.logo_image,"{""hosting_type"":[""Shared hosting""],""pricing_model"":[""Subscription""],""price_band"":[""Under $10/month""],""billing_cycle"":[""Annual""],""control_panel"":[""cPanel""],""support_coverage"":[""24/7 support"",""Migration / onboarding help""],""target_segment"":[""Small business""]}"
Namecheap Stellar Business Shared Hosting,namecheap-linux-shared-hosting-stellar-business,Namecheap,4.98,active,true,9096036319471,linux-shared-hosting,https://www.namecheap.com/hosting/shared/,https://www.namecheap.com,Linux Shared Hosting,"- Unlimited websites
- 50 GB SSD storage
- Cloud storage architecture
- Unlimited email mailboxes
- AutoBackup included
- Imunify360 security
- Free migration
- Free SSL certificate
- cPanel, SSH access, and LiteSpeed web server","- Stellar Business: 30-day free trial, then $58.88/year introductory price
- Namecheap also states the plan renews at $112.88/year","- Pros: Adds Imunify360 and business-focused storage architecture on the official page
- Pros: Keeps unlimited website support inside a public shared-hosting plan
- Cons: More expensive than the lower Stellar tiers
- Cons: 50 GB storage cap is lower than some unlimited-storage competitors",Namecheap Stellar Business Shared Hosting | Namecheap Linux Shared...,"Namecheap Stellar Business Shared Hosting from Namecheap with Unlimited websites, 50 GB SSD storage, Cloud storage architecture. Lowest advertised price 4.98.",high,- Stellar Business details verified from official Namecheap shared hosting page,custom.logo_image,"{""hosting_type"":[""Shared hosting""],""pricing_model"":[""Subscription""],""price_band"":[""Under $10/month""],""billing_cycle"":[""Annual""],""control_panel"":[""cPanel""],""support_coverage"":[""24/7 support"",""Migration / onboarding help""],""target_segment"":[""Small business""]}"
ChemiCloud Starter Shared Hosting,chemicloud-linux-shared-hosting-starter,ChemiCloud,2.49,active,true,9096032780527,linux-shared-hosting,https://chemicloud.com/web-hosting,https://chemicloud.com,Linux Shared Hosting,"- 1 website
- 20 GB NVMe storage
- About 25,000 monthly visits
- 1 CPU core
- 2 GB RAM
- 10-day backup retention
- cPanel access
- Free domain, SSL, migration, and CDN","- Starter: $2.49/month advertised price
- Official page estimates suitability for about 25,000 monthly visits","- Pros: Official page publishes CPU, RAM, storage, and backup retention details
- Pros: Includes migration, SSL, and CDN in the entry plan
- Cons: Single-site plan
- Cons: Shortest backup retention in the selected ChemiCloud lineup",ChemiCloud Starter Shared Hosting | ChemiCloud Linux Shared Hosting,"ChemiCloud Starter Shared Hosting from ChemiCloud with 1 website, 20 GB NVMe storage, About 25,000 monthly visits. Lowest advertised price 2.49.",high,- Starter plan values verified from official ChemiCloud web hosting page,custom.logo_image,"{""hosting_type"":[""Shared hosting""],""pricing_model"":[""Subscription""],""price_band"":[""Under $10/month""],""control_panel"":[""cPanel""],""support_coverage"":[""24/7 support"",""Migration / onboarding help""],""target_segment"":[""Individuals"",""Small business""]}"
ChemiCloud Pro Shared Hosting,chemicloud-linux-shared-hosting-pro,ChemiCloud,3.49,active,true,9096032714991,linux-shared-hosting,https://chemicloud.com/web-hosting,https://chemicloud.com,Linux Shared Hosting,"- Unlimited websites
- 35 GB NVMe storage
- About 50,000 monthly visits
- 2 CPU cores
- 4 GB RAM
- 20-day backup retention
- One-click restore
- cPanel access
- Free domain, SSL, migration, and CDN","- Pro: $3.49/month advertised price
- Official page estimates suitability for about 50,000 monthly visits","- Pros: Adds unlimited websites and longer backup retention over Starter
- Pros: Official page publishes resource increases clearly
- Cons: Storage is still capped at 35 GB
- Cons: Shared environment remains less isolated than VPS plans",ChemiCloud Pro Shared Hosting | ChemiCloud Linux Shared Hosting,"ChemiCloud Pro Shared Hosting from ChemiCloud with Unlimited websites, 35 GB NVMe storage, About 50,000 monthly visits. Lowest advertised price 3.49.",high,- Pro plan details verified from official ChemiCloud web hosting page,custom.logo_image,"{""hosting_type"":[""Shared hosting""],""pricing_model"":[""Subscription""],""price_band"":[""Under $10/month""],""control_panel"":[""cPanel""],""support_coverage"":[""24/7 support"",""Migration / onboarding help""],""target_segment"":[""Small business""]}"
ChemiCloud Turbo Shared Hosting,chemicloud-linux-shared-hosting-turbo,ChemiCloud,4.49,active,true,9096032846063,linux-shared-hosting,https://chemicloud.com/web-hosting,https://chemicloud.com,Linux Shared Hosting,"- Unlimited websites
- 50 GB NVMe storage
- About 100,000 monthly visits
- 3 CPU cores
- 6 GB RAM
- 30-day backup retention
- HTTP/3 support
- Advanced malware protection
- cPanel access and one-click restore","- Turbo: $4.49/month advertised price
- Official page estimates suitability for about 100,000 monthly visits","- Pros: Longest backup retention and largest resource allocation in the selected ChemiCloud set
- Pros: Official page adds HTTP/3 and advanced malware protection
- Cons: Higher price than the lower ChemiCloud tiers
- Cons: Storage still has a stated cap at 50 GB",ChemiCloud Turbo Shared Hosting | ChemiCloud Linux Shared Hosting,"ChemiCloud Turbo Shared Hosting from ChemiCloud with Unlimited websites, 50 GB NVMe storage, About 100,000 monthly visits. Lowest advertised price 4.49.",high,- Turbo plan inclusions verified from official ChemiCloud web hosting page,custom.logo_image,"{""hosting_type"":[""Shared hosting""],""pricing_model"":[""Subscription""],""price_band"":[""Under $10/month""],""control_panel"":[""cPanel""],""support_coverage"":[""24/7 support"",""Migration / onboarding help""],""target_segment"":[""Small business"",""Agencies""]}"
TMDHosting Starter Shared Hosting,tmdhosting-linux-shared-hosting-starter,TMDHosting,9.52,active,true,9096037007599,linux-shared-hosting,https://www.tmdhosting.com/shared-hosting.html,https://www.tmdhosting.com,Linux Shared Hosting,"- 1 website
- 50 GB SSD storage
- Standard performance tier
- Free SSL certificate
- LiteSpeed web server
- cPanel and CloudLinux
- SSH and SFTP access
- 15-minute support response target","- Starter: $9.52/month on triennial term
- Annual price shown as $10.71/month; monthly price shown as $11.90/month","- Pros: Official page explicitly labels the product as Linux shared hosting
- Pros: Displays multiple billing-cycle prices publicly instead of hiding monthly pricing
- Cons: Backups are not included on the Starter tier according to the official comparison
- Cons: Single-site allowance",TMDHosting Starter Shared Hosting | TMDHosting Linux Shared Hosting,"TMDHosting Starter Shared Hosting from TMDHosting with 1 website, 50 GB SSD storage, Standard performance tier. Lowest advertised price 9.52.",high,- Starter plan prices and features verified from official TMDHosting shared hosting page,custom.logo_image,"{""hosting_type"":[""Shared hosting""],""pricing_model"":[""Subscription""],""price_band"":[""Under $10/month""],""billing_cycle"":[""Monthly"",""Annual""],""performance_tier"":[""Standard""],""control_panel"":[""cPanel""],""support_coverage"":[""24/7 support""],""target_segment"":[""Small business""]}"
TMDHosting Business Shared Hosting,tmdhosting-linux-shared-hosting-business,TMDHosting,12.72,active,true,9096036876527,linux-shared-hosting,https://www.tmdhosting.com/shared-hosting.html,https://www.tmdhosting.com,Linux Shared Hosting,"- Unlimited websites
- 100 GB SSD storage
- Performance x2
- 30 backups included
- Free SSL certificate
- LiteSpeed web server
- cPanel and CloudLinux
- SSH and SFTP access
- 15-minute support response target","- Business: $12.72/month on triennial term
- Annual price shown as $14.31/month; monthly price shown as $15.90/month","- Pros: Adds included backups and higher performance over Starter
- Pros: Multiple billing-cycle prices are visible on the official page
- Cons: More expensive than lower shared-hosting plans in this project
- Cons: Storage still has a fixed 100 GB cap",TMDHosting Business Shared Hosting | TMDHosting Linux Shared Hosting,"TMDHosting Business Shared Hosting from TMDHosting with Unlimited websites, 100 GB SSD storage, Performance x2. Lowest advertised price 12.72.",high,- Business plan values verified from official TMDHosting shared hosting page,custom.logo_image,"{""hosting_type"":[""Shared hosting""],""pricing_model"":[""Subscription""],""price_band"":[""$10-$50/month""],""billing_cycle"":[""Monthly"",""Annual""],""performance_tier"":[""Premium""],""control_panel"":[""cPanel""],""support_coverage"":[""24/7 support""],""target_segment"":[""Small business"",""Agencies""]}"
TMDHosting Enterprise Shared Hosting,tmdhosting-linux-shared-hosting-enterprise,TMDHosting,19.12,active,true,9096036942063,linux-shared-hosting,https://www.tmdhosting.com/shared-hosting.html,https://www.tmdhosting.com,Linux Shared Hosting,"- Unlimited websites
- Unlimited SSD storage
- Performance x4
- 30 backups included
- Free SSL certificate
- LiteSpeed web server
- cPanel and CloudLinux
- SSH and SFTP access
- 15-minute support response target","- Enterprise: $19.12/month on triennial term
- Annual price shown as $21.51/month; monthly price shown as $23.90/month","- Pros: Highest relative performance in the selected TMDHosting shared lineup
- Pros: Official page includes unlimited SSD storage on this tier
- Cons: Highest price in the selected TMDHosting set
- Cons: Still shared hosting despite the larger allowances",TMDHosting Enterprise Shared Hosting | TMDHosting Linux Shared Hosting,"TMDHosting Enterprise Shared Hosting from TMDHosting with Unlimited websites, Unlimited SSD storage, Performance x4. Lowest advertised price 19.12.",high,- Enterprise plan details verified from official TMDHosting shared hosting page,custom.logo_image,"{""hosting_type"":[""Shared hosting""],""pricing_model"":[""Subscription""],""price_band"":[""$10-$50/month""],""billing_cycle"":[""Monthly"",""Annual""],""performance_tier"":[""Enterprise""],""control_panel"":[""cPanel""],""support_coverage"":[""24/7 support""],""target_segment"":[""Small business"",""Agencies""]}"
HostPapa Essentials Shared Hosting,hostpapa-linux-shared-hosting-essentials,HostPapa,2.95,active,true,9096034779375,linux-shared-hosting,https://www.hostpapa.com/web-hosting-plan/,https://www.hostpapa.com,Linux Shared Hosting,"- 1 website
- 25 GB NVMe storage
- 1x resources
- Free SSL certificate
- CDN support
- Performance-tuned hosting
- Website builder and migration-friendly onboarding materials","- Essentials: $2.95/month advertised price
- HostPapa lists 1x resources on the official page","- Pros: Low starting price with NVMe storage on the official page
- Pros: Easy entry point for single-site shared hosting
- Cons: Limited to 1 website
- Cons: Smallest storage and resource allocation in the selected HostPapa lineup",HostPapa Essentials Shared Hosting | HostPapa Linux Shared Hosting,"HostPapa Essentials Shared Hosting from HostPapa with 1 website, 25 GB NVMe storage, 1x resources. Lowest advertised price 2.95.",high,- Essentials plan price and capacities verified from official HostPapa web hosting plans page,custom.logo_image,"{""hosting_type"":[""Shared hosting""],""pricing_model"":[""Subscription""],""price_band"":[""Under $10/month""],""control_panel"":[""cPanel""],""support_coverage"":[""24/7 support"",""Migration / onboarding help""],""target_segment"":[""Individuals"",""Small business""]}"
HostPapa Growth Shared Hosting,hostpapa-linux-shared-hosting-growth,HostPapa,5.95,active,true,9096034713839,linux-shared-hosting,https://www.hostpapa.com/web-hosting-plan/,https://www.hostpapa.com,Linux Shared Hosting,"- 5 websites
- 100 GB NVMe storage
- 2x resources
- Free SSL certificate
- CDN support
- Performance-tuned hosting
- Website tools and onboarding resources","- Growth: $5.95/month advertised price
- HostPapa lists 2x resources on the official page","- Pros: Supports multiple websites while staying in shared hosting
- Pros: 100 GB NVMe storage is a large step up from Essentials
- Cons: Still a capped website count
- Cons: Less capacity than Premium and Elite",HostPapa Growth Shared Hosting | HostPapa Linux Shared Hosting,"HostPapa Growth Shared Hosting from HostPapa with 5 websites, 100 GB NVMe storage, 2x resources. Lowest advertised price 5.95.",high,- Growth plan values verified from official HostPapa web hosting plans page,custom.logo_image,"{""hosting_type"":[""Shared hosting""],""pricing_model"":[""Subscription""],""price_band"":[""Under $10/month""],""control_panel"":[""cPanel""],""support_coverage"":[""24/7 support"",""Migration / onboarding help""],""target_segment"":[""Small business""]}"
HostPapa Premium Shared Hosting,hostpapa-linux-shared-hosting-premium,HostPapa,6.95,active,true,9096034582767,linux-shared-hosting,https://www.hostpapa.com/web-hosting-plan/,https://www.hostpapa.com,Linux Shared Hosting,"- Unlimited websites
- 200 GB NVMe storage
- 4x resources
- Free SSL certificate
- CDN support
- Performance-tuned hosting
- Website tools and onboarding resources","- Premium: $6.95/month advertised price
- HostPapa lists 4x resources on the official page","- Pros: Unlimited sites with a larger 200 GB NVMe allocation
- Pros: Official page shows a stronger resource multiplier than Growth
- Cons: Higher starting price than the lower HostPapa plans
- Cons: Storage remains capped below Elite's unmetered option",HostPapa Premium Shared Hosting | HostPapa Linux Shared Hosting,"HostPapa Premium Shared Hosting from HostPapa with Unlimited websites, 200 GB NVMe storage, 4x resources. Lowest advertised price 6.95.",high,- Premium plan details verified from official HostPapa web hosting plans page,custom.logo_image,"{""hosting_type"":[""Shared hosting""],""pricing_model"":[""Subscription""],""price_band"":[""Under $10/month""],""control_panel"":[""cPanel""],""support_coverage"":[""24/7 support"",""Migration / onboarding help""],""target_segment"":[""Small business"",""Agencies""]}"
HostPapa Elite Shared Hosting,hostpapa-linux-shared-hosting-elite,HostPapa,9.95,active,true,9096034648303,linux-shared-hosting,https://www.hostpapa.com/web-hosting-plan/,https://www.hostpapa.com,Linux Shared Hosting,"- Unlimited websites
- Unmetered NVMe storage
- 8x resources
- Free SSL certificate
- CDN support
- Performance-tuned hosting
- Website tools and onboarding resources","- Elite: $9.95/month advertised price
- HostPapa lists 8x resources on the official page","- Pros: Largest advertised resource tier in the selected HostPapa lineup
- Pros: Unmetered NVMe storage is listed on the official page
- Cons: Highest price among the selected HostPapa plans
- Cons: Still shared hosting rather than isolated infrastructure",HostPapa Elite Shared Hosting | HostPapa Linux Shared Hosting,"HostPapa Elite Shared Hosting from HostPapa with Unlimited websites, Unmetered NVMe storage, 8x resources. Lowest advertised price 9.95.",high,- Elite plan values verified from official HostPapa web hosting plans page,custom.logo_image,"{""hosting_type"":[""Shared hosting""],""pricing_model"":[""Subscription""],""price_band"":[""Under $10/month""],""control_panel"":[""cPanel""],""support_coverage"":[""24/7 support"",""Migration / onboarding help""],""target_segment"":[""Small business"",""Agencies""]}"
IONOS Essential Shared Hosting,ionos-linux-shared-hosting-essential,IONOS,4,active,true,9096035369199,linux-shared-hosting,https://www.ionos.com/hosting/linux-hosting,https://www.ionos.com,Linux Shared Hosting,"- 1 website
- 10 GB storage
- 10 databases
- 512 MB PHP memory
- SFTP access
- Wildcard SSL certificate
- Daily backup
- DDoS protection
- Geo-redundant infrastructure","- Essential: $4/month for the first year
- IONOS states the plan renews at $8/month after year one","- Pros: Official page clearly separates intro and renewal pricing
- Pros: Linux hosting page includes daily backup and wildcard SSL
- Cons: Single-site plan
- Cons: Smallest storage allocation in the selected IONOS lineup",IONOS Essential Shared Hosting | IONOS Linux Shared Hosting,"IONOS Essential Shared Hosting from IONOS with 1 website, 10 GB storage, 10 databases. Lowest advertised price 4.",high,- Essential plan values verified from official IONOS Linux Hosting page,custom.logo_image,"{""hosting_type"":[""Shared hosting""],""pricing_model"":[""Subscription""],""price_band"":[""Under $10/month""],""billing_cycle"":[""Annual""],""security_compliance"":[""ISO 27001""],""support_coverage"":[""24/7 support""],""target_segment"":[""Individuals"",""Small business""]}"
IONOS Starter Shared Hosting,ionos-linux-shared-hosting-starter,IONOS,6,active,true,9096035303663,linux-shared-hosting,https://www.ionos.com/hosting/linux-hosting,https://www.ionos.com,Linux Shared Hosting,"- 10 websites
- 100 GB storage
- 50 databases
- 768 MB PHP memory
- SFTP access
- Wildcard SSL certificate
- Daily backup
- DDoS protection
- Geo-redundant infrastructure","- Starter: $6/month for the first year
- IONOS states the plan renews at $10/month after year one","- Pros: Large increase in site count and storage compared with Essential
- Pros: Official page retains Linux hosting, backup, and SSL details
- Cons: Renewal price increases after the first year
- Cons: Storage remains capped",IONOS Starter Shared Hosting | IONOS Linux Shared Hosting,"IONOS Starter Shared Hosting from IONOS with 10 websites, 100 GB storage, 50 databases. Lowest advertised price 6.",high,- Starter plan details verified from official IONOS Linux Hosting page,custom.logo_image,"{""hosting_type"":[""Shared hosting""],""pricing_model"":[""Subscription""],""price_band"":[""Under $10/month""],""billing_cycle"":[""Annual""],""security_compliance"":[""ISO 27001""],""support_coverage"":[""24/7 support""],""target_segment"":[""Small business""]}"
IONOS Plus Shared Hosting,ionos-linux-shared-hosting-plus,IONOS,1,active,true,9096035434735,linux-shared-hosting,https://www.ionos.com/hosting/linux-hosting,https://www.ionos.com,Linux Shared Hosting,"- Unlimited websites
- Unlimited storage
- Unlimited databases
- 1 GB PHP memory
- SFTP access
- Shell and Git access
- Wildcard SSL certificate
- Daily backup
- DDoS protection and geo-redundant infrastructure","- Plus: $1/month for the first year
- IONOS states the plan renews at $14/month after year one","- Pros: Official page lists unlimited websites, storage, and databases
- Pros: Includes shell and Git access on the Linux hosting page
- Cons: Introductory price is far below the renewal price
- Cons: Shared hosting still does not provide full server-level control",IONOS Plus Shared Hosting | IONOS Linux Shared Hosting,"IONOS Plus Shared Hosting from IONOS with Unlimited websites, Unlimited storage, Unlimited databases. Lowest advertised price 1.",high,- Plus plan details verified from official IONOS Linux Hosting page,custom.logo_image,"{""hosting_type"":[""Shared hosting""],""pricing_model"":[""Subscription""],""price_band"":[""Under $10/month""],""billing_cycle"":[""Annual""],""security_compliance"":[""ISO 27001""],""support_coverage"":[""24/7 support""],""target_segment"":[""Small business"",""Developers""]}"