mainCategory,subCategory,subSubCategory
Software,360 Degree Feedback Software,360 Degree Feedback Software
Software,3D Architecture Software,3D Architecture Software
Software,3D CAD Software,3D CAD Software
Software,3D Rendering Software,3D Rendering Software
Software,AB Testing Software,AB Testing Software
Software,Absence Management Software,Absence Management Software
Software,Access Governance Software,Access Governance Software
Software,Account Based Marketing Software,Account Based Marketing Software
Software,Accounting Practice Management Software,Accounting Practice Management Software
Software,Accounting Software,Accounting Software
Software,Accounts Payable Software,Accounts Payable Software
Software,Accounts Receivable Software,Accounts Receivable Software
Software,Accreditation Management Software,Accreditation Management Software
Software,Ad Server Software,Ad Server Software
Software,Address Verification Software,Address Verification Software
Software,Admissions Software,Admissions Software
Software,Advanced Planning & Scheduling (APS) Software,Advanced Planning & Scheduling (APS) Software
Software,Advertising Agency Software,Advertising Agency Software
Software,Advocacy Software,Advocacy Software
Software,Aerospace Manufacturing Software,Aerospace Manufacturing Software
Software,Affiliate Software,Affiliate Software
Software,Agile Project Management Software,Agile Project Management Software
Software,AI Code Generator Software,AI Code Generator Software
Software,AI Detection,AI Detection
Software,AI Image Generators Software,AI Image Generators Software
Software,AI Marketing Tools,AI Marketing Tools
Software,AI Sales Assistant Software,AI Sales Assistant Software
Software,AI Video Generator Software,AI Video Generator Software
Software,AI Writing Assistant Software,AI Writing Assistant Software
Software,AIOps Tools,AIOps Tools
Software,Airline Reservation System,Airline Reservation System
Software,All-in-One Marketing Platform,All-in-One Marketing Platform
Software,Alumni Management Software,Alumni Management Software
Software,Android Kiosk Software,Android Kiosk Software
Software,Animal Shelter Software,Animal Shelter Software
Software,Animation Software,Animation Software
Software,Anti Money Laundering Software,Anti Money Laundering Software
Software,Anti-spam Software,Anti-spam Software
Software,Antivirus Software,Antivirus Software
Software,Apartment Management Systems,Apartment Management Systems
Software,API Management Software,API Management Software
Software,App Building Software,App Building Software
Software,App Design Software,App Design Software
Software,App Development Software,App Development Software
Software,App Store Optimization (ASO) Tools,App Store Optimization (ASO) Tools
Software,Apparel Management Software,Apparel Management Software
Software,Applicant Tracking Software,Applicant Tracking Software
Software,Application Lifecycle Management Software,Application Lifecycle Management Software
Software,Application Performance Management Software,Application Performance Management Software
Software,Applied Behavior Analysis (ABA) Software,Applied Behavior Analysis (ABA) Software
Software,Appointment Reminder Software,Appointment Reminder Software
Software,Appointment Scheduling Software,Appointment Scheduling Software
Software,Arborist Software,Arborist Software
Software,Architectural CAD Software,Architectural CAD Software
Software,Architecture Software,Architecture Software
Software,Archiving Software,Archiving Software
Software,Art Gallery Software,Art Gallery Software
Software,Artificial Intelligence Software,Artificial Intelligence Software
Software,Assessment Software,Assessment Software
Software,Asset Tracking Software,Asset Tracking Software
Software,Assisted Living Software,Assisted Living Software
Software,Association Management Software,Association Management Software
Software,Attendance Tracking Software,Attendance Tracking Software
Software,Auction Software,Auction Software
Software,Audience Response Software,Audience Response Software
Software,Audio Conferencing Software,Audio Conferencing Software
Software,Audio Editing Software,Audio Editing Software
Software,Audit Software,Audit Software
Software,Augmented Reality Software,Augmented Reality Software
Software,Authentication Software,Authentication Software
Software,Auto Body Software,Auto Body Software
Software,Auto Dealer Accounting Software,Auto Dealer Accounting Software
Software,Auto Dealer Software,Auto Dealer Software
Software,Auto Dialer Software,Auto Dialer Software
Software,Auto Repair Management Software,Auto Repair Management Software
Software,Automated Testing Software,Automated Testing Software
Software,Aviation Maintenance Software,Aviation Maintenance Software
Software,B2B eCommerce Platform,B2B eCommerce Platform
Software,Background Check Software,Background Check Software
Software,Backup Software,Backup Software
Software,Bakery Software,Bakery Software
Software,Banking Software,Banking Software
Software,Bankruptcy Software,Bankruptcy Software
Software,Bar POS Software,Bar POS Software
Software,Barbershop Software,Barbershop Software
Software,Barcoding Software,Barcoding Software
Software,Benefits Administration Software,Benefits Administration Software
Software,Big Data Software,Big Data Software
Software,Bill of Materials (BOM) Software,Bill of Materials (BOM) Software
Software,Billing and Invoicing Software,Billing and Invoicing Software
Software,Billing and Provisioning Software,Billing and Provisioning Software
Software,Blockchain Platforms,Blockchain Platforms
Software,Blog Software,Blog Software
Software,Bookkeeper Software,Bookkeeper Software
Software,Bot Detection and Mitigation Software,Bot Detection and Mitigation Software
Software,Brand Management Tool,Brand Management Tool
Software,Brand Protection Software,Brand Protection Software
Software,Brewery Software,Brewery Software
Software,Brokerage Management Software,Brokerage Management Software
Software,Browser Software,Browser Software
Software,Budgeting Software,Budgeting Software
Software,Bug Tracking Software,Bug Tracking Software
Software,Building Design and Building Information Modeling (BIM) Software,Building Design and Building Information Modeling (BIM) Software
Software,Building Maintenance Software,Building Maintenance Software
Software,Business Card Software,Business Card Software
Software,Business Continuity Software,Business Continuity Software
Software,Business Intelligence Software,Business Intelligence Software
Software,Business Management Software,Business Management Software
Software,Business Performance Management Software,Business Performance Management Software
Software,Business Phone Systems Software,Business Phone Systems Software
Software,Business Plan Software,Business Plan Software
Software,Business Process Management Software,Business Process Management Software
Software,Buyer Intent Data Tools,Buyer Intent Data Tools
Software,Calendar Software,Calendar Software
Software,Calibration Management Software,Calibration Management Software
Software,Call Accounting Software,Call Accounting Software
Software,Call Center Software,Call Center Software
Software,Call Center Workforce Management Software,Call Center Workforce Management Software
Software,Call Recording Software,Call Recording Software
Software,Call Tracking Software,Call Tracking Software
Software,Camp Management Software,Camp Management Software
Software,Campaign Management Software,Campaign Management Software
Software,Campground Management Software,Campground Management Software
Software,Capacity Planning Software,Capacity Planning Software
Software,Car Rental Software,Car Rental Software
Software,Cardiology EMR Software,Cardiology EMR Software
Software,Career Management Software,Career Management Software
Software,Carpet Cleaning Software,Carpet Cleaning Software
Software,Catalog Management Software,Catalog Management Software
Software,Catering Software,Catering Software
Software,Cemetery Software,Cemetery Software
Software,Certification Tracking Software,Certification Tracking Software
Software,Change Management Software,Change Management Software
Software,Channel Management Software,Channel Management Software
Software,Chargeback Management Software,Chargeback Management Software
Software,Chatbot Software,Chatbot Software
Software,Chemical Manufacturing Software,Chemical Manufacturing Software
Software,Chemical Software,Chemical Software
Software,Chiropractic Software,Chiropractic Software
Software,Church Accounting Software,Church Accounting Software
Software,Church Management Software,Church Management Software
Software,Church Presentation Software,Church Presentation Software
Software,Claims Processing Software,Claims Processing Software
Software,Class Registration Software,Class Registration Software
Software,Classroom Management Software,Classroom Management Software
Software,Click Fraud Software,Click Fraud Software
Software,Client Onboarding Software,Client Onboarding Software
Software,Clinical Trial Management Software,Clinical Trial Management Software
Software,Closed Captioning Software,Closed Captioning Software
Software,Cloud Communication Platform,Cloud Communication Platform
Software,Cloud Management Tools,Cloud Management Tools
Software,Cloud PBX Software,Cloud PBX Software
Software,Cloud Platform as a Service (PaaS) Software,Cloud Platform as a Service (PaaS) Software
Software,Cloud Security Software,Cloud Security Software
Software,Cloud Storage Software,Cloud Storage Software
Software,Club Management Software,Club Management Software
Software,CMDB Software,CMDB Software
Software,CMMS Software,CMMS Software
Software,Coaching Software,Coaching Software
Software,Code Enforcement Software,Code Enforcement Software
Software,Collaboration Software,Collaboration Software
Software,Commercial Insurance Software,Commercial Insurance Software
Software,Commercial Loan Software,Commercial Loan Software
Software,Commercial Property Management Software,Commercial Property Management Software
Software,Commercial Real Estate Software,Commercial Real Estate Software
Software,Commission Software,Commission Software
Software,Commodity/Energy Trading Transaction and Risk Management (CTRM/ETRM) Software,Commodity/Energy Trading Transaction and Risk Management (CTRM/ETRM) Software
Software,Community Software,Community Software
Software,Company Secretarial Software,Company Secretarial Software
Software,Compensation Management Software,Compensation Management Software
Software,Competitive Intelligence Software,Competitive Intelligence Software
Software,Competitor Price Monitoring Software,Competitor Price Monitoring Software
Software,Complaint Management Software,Complaint Management Software
Software,Compliance Regulatory Software,Compliance Regulatory Software
Software,Computer Repair Shop Software,Computer Repair Shop Software
Software,Computer Security Software,Computer Security Software
Software,Conference Software,Conference Software
Software,Configuration Management Tools,Configuration Management Tools
Software,Conflict Checking Software,Conflict Checking Software
Software,Consignment Software,Consignment Software
Software,Construction Accounting Software,Construction Accounting Software
Software,Construction Bid Management Software,Construction Bid Management Software
Software,Construction CRM Software,Construction CRM Software
Software,Construction Estimating Software,Construction Estimating Software
Software,Construction Management Software,Construction Management Software
Software,Construction Scheduling Software,Construction Scheduling Software
Software,Contact Center Software,Contact Center Software
Software,Contact Management Software,Contact Management Software
Software,Container Security Software,Container Security Software
Software,Content Delivery Network (CDN) Software,Content Delivery Network (CDN) Software
Software,Content Management System (CMS) Software,Content Management System (CMS) Software
Software,Content Marketing Tools,Content Marketing Tools
Software,Contest Software,Contest Software
Software,Continuing Education Software,Continuing Education Software
Software,Continuous Integration Software,Continuous Integration Software
Software,Contract Lifecycle Management (CLM) Software,Contract Lifecycle Management (CLM) Software
Software,Contract Management Software,Contract Management Software
Software,Contractor Management Software,Contractor Management Software
Software,Conversation Intelligence Software,Conversation Intelligence Software
Software,Conversational AI Platform,Conversational AI Platform
Software,Conversational Marketing Platform,Conversational Marketing Platform
Software,Corporate Tax Software,Corporate Tax Software
Software,Corporate Wellness Software,Corporate Wellness Software
Software,Corrective and Preventive Action (CAPA) Software,Corrective and Preventive Action (CAPA) Software
Software,Course Authoring Software,Course Authoring Software
Software,Court Management Software,Court Management Software
Software,CPG Software,CPG Software
Software,CPQ Software,CPQ Software
Software,Credentialing Software,Credentialing Software
Software,Credit Card Processing Software,Credit Card Processing Software
Software,Credit Repair Software,Credit Repair Software
Software,Credit Union Software,Credit Union Software
Software,CRM Analytics Software,CRM Analytics Software
Software,CRM Software,CRM Software
Software,Crowdfunding Software,Crowdfunding Software
Software,Crypto Tax Software,Crypto Tax Software
Software,Cryptocurrency Exchanges,Cryptocurrency Exchanges
Software,CSPM Tools,CSPM Tools
Software,Cultural Institutions Software,Cultural Institutions Software
Software,Curbside Pickup Software,Curbside Pickup Software
Software,Currency Exchange Software,Currency Exchange Software
Software,Customer Advocacy Software,Customer Advocacy Software
Software,Customer Communications Management Software,Customer Communications Management Software
Software,Customer Data Platforms,Customer Data Platforms
Software,Customer Engagement Software,Customer Engagement Software
Software,Customer Experience Software,Customer Experience Software
Software,Customer Feedback Software,Customer Feedback Software
Software,Customer Identity and Access Management (CIAM) Software,Customer Identity and Access Management (CIAM) Software
Software,Customer Journey Mapping Tools,Customer Journey Mapping Tools
Software,Customer Loyalty Software,Customer Loyalty Software
Software,Customer Reference Management Software,Customer Reference Management Software
Software,Customer Relationship Management Software,Customer Relationship Management Software
Software,Customer Satisfaction Software,Customer Satisfaction Software
Software,Customer Service Software,Customer Service Software
Software,Customer Success Software,Customer Success Software
Software,Customer Support Software,Customer Support Software
Software,Cybersecurity Software,Cybersecurity Software
Software,Dance Studio Software,Dance Studio Software
Software,Dashboard Software,Dashboard Software
Software,Data Analysis Tools,Data Analysis Tools
Software,Data Annotation Tools,Data Annotation Tools
Software,Data Center Management Software,Data Center Management Software
Software,Data Cleansing Tools,Data Cleansing Tools
Software,Data Discovery Software,Data Discovery Software
Software,Data Entry Software,Data Entry Software
Software,Data Extraction Software,Data Extraction Software
Software,Data Fabric Software,Data Fabric Software
Software,Data Governance Tools,Data Governance Tools
Software,Data Integration Tools,Data Integration Tools
Software,Data Loss Prevention Software,Data Loss Prevention Software
Software,Data Management Software,Data Management Software
Software,Data Mining Software,Data Mining Software
Software,Data Preparation Tools,Data Preparation Tools
Software,Data Quality Software,Data Quality Software
Software,Data Visualization Software,Data Visualization Software
Software,Data Warehouse Software,Data Warehouse Software
Software,DataSecurity Posture Management (DSPM) Tools,DataSecurity Posture Management (DSPM) Tools
Software,Database Monitoring Software,Database Monitoring Software
Software,Database Software,Database Software
Software,Daycare Software,Daycare Software
Software,Debt Collection Software,Debt Collection Software
Software,Decision Support Software,Decision Support Software
Software,Deep Learning Software,Deep Learning Software
Software,Delivery Management Software,Delivery Management Software
Software,Demand Planning Software,Demand Planning Software
Software,Dental Charting Software,Dental Charting Software
Software,Dental Imaging Software,Dental Imaging Software
Software,Dental Practice Management Software,Dental Practice Management Software
Software,Dental Software,Dental Software
Software,Dermatology Electronic Medical Records (EMR) Software,Dermatology Electronic Medical Records (EMR) Software
Software,DevOps Software,DevOps Software
Software,Diagram Software,Diagram Software
Software,Digital Adoption Platform Software,Digital Adoption Platform Software
Software,Digital Asset Management Software,Digital Asset Management Software
Software,Digital Banking Platforms,Digital Banking Platforms
Software,Digital Experience Platform (DXP),Digital Experience Platform (DXP)
Software,Digital Forensics Software,Digital Forensics Software
Software,Digital Menu Board Software,Digital Menu Board Software
Software,Digital Rights Management Software,Digital Rights Management Software
Software,Digital Signage Software,Digital Signage Software
Software,Digital Signature Software,Digital Signature Software
Software,Digital Workplace Software,Digital Workplace Software
Software,Direct Mail Automation Software,Direct Mail Automation Software
Software,Directory Software,Directory Software
Software,Disaster Recovery Software,Disaster Recovery Software
Software,Discount Software,Discount Software
Software,Dispatch Software,Dispatch Software
Software,Display Ad Software,Display Ad Software
Software,Distribution Software,Distribution Software
Software,Distributor Software,Distributor Software
Software,Diversity Recruiting Software,Diversity Recruiting Software
Software,Dock Scheduling Software,Dock Scheduling Software
Software,Docketing Software,Docketing Software
Software,Document Control Software,Document Control Software
Software,Document Generation Software,Document Generation Software
Software,Document Management Software,Document Management Software
Software,Document Version Control Software,Document Version Control Software
Software,Donation Management Software,Donation Management Software
Software,Donor Management Software,Donor Management Software
Software,Drone Software,Drone Software
Software,Drop Shipping Software,Drop Shipping Software
Software,Drug Testing Software,Drug Testing Software
Software,Dry Cleaning Software,Dry Cleaning Software
Software,Due Diligence Software,Due Diligence Software
Software,eCommerce Platforms for Small Businesses,eCommerce Platforms for Small Businesses
Software,eCommerce Software,eCommerce Software
Software,eDiscovery Software,eDiscovery Software
Software,EHS Software,EHS Software
Software,eLearning Authoring Software,eLearning Authoring Software
Software,Electrical Contractor Software,Electrical Contractor Software
Software,Electrical Design Software,Electrical Design Software
Software,Electrical Estimating Software,Electrical Estimating Software
Software,Electronic Data Capture Software,Electronic Data Capture Software
Software,Electronic Data Interchange (EDI) Software,Electronic Data Interchange (EDI) Software
Software,Electronic Lab Notebook Software,Electronic Lab Notebook Software
Software,Electronic Medical Records (EMR) Software,Electronic Medical Records (EMR) Software
Software,Email Archiving Software,Email Archiving Software
Software,Email Management Software,Email Management Software
Software,Email Marketing Tool,Email Marketing Tool
Software,Email Security Software,Email Security Software
Software,Email Signature Software,Email Signature Software
Software,Email Tracking Software,Email Tracking Software
Software,Email Verification Tools,Email Verification Tools
Software,eMAR System,eMAR System
Software,Embedded Analytics Software,Embedded Analytics Software
Software,Emergency Notification Software,Emergency Notification Software
Software,Emissions Management Software,Emissions Management Software
Software,Employee Advocacy Software,Employee Advocacy Software
Software,Employee Communication Tools,Employee Communication Tools
Software,Employee Engagement Software,Employee Engagement Software
Software,Employee Monitoring Software,Employee Monitoring Software
Software,Employee Recognition Software,Employee Recognition Software
Software,Employee Scheduling Software,Employee Scheduling Software
Software,EMS Software,EMS Software
Software,Encryption Software,Encryption Software
Software,Endpoint Detection And Response (EDR) Software,Endpoint Detection And Response (EDR) Software
Software,Endpoint Protection Software,Endpoint Protection Software
Software,Energy Management Software,Energy Management Software
Software,Engineering Accounting Software,Engineering Accounting Software
Software,Engineering CAD Software,Engineering CAD Software
Software,Enterprise Architecture Software,Enterprise Architecture Software
Software,Enterprise Asset Management (EAM) Software,Enterprise Asset Management (EAM) Software
Software,Enterprise Content Management Software,Enterprise Content Management Software
Software,Enterprise Legal Management Software,Enterprise Legal Management Software
Software,Enterprise Risk Management Software (ERM),Enterprise Risk Management Software (ERM)
Software,Enterprise Search Software,Enterprise Search Software
Software,Enterprise Service Bus (ESB) Software,Enterprise Service Bus (ESB) Software
Software,Entity Management Software,Entity Management Software
Software,Environmental Software,Environmental Software
Software,e-Prescribing Software,e-Prescribing Software
Software,Equipment Maintenance Software,Equipment Maintenance Software
Software,Equipment Rental Software,Equipment Rental Software
Software,Equity Management Software,Equity Management Software
Software,ERP Software,ERP Software
Software,ESG Software,ESG Software
Software,ETL Tools,ETL Tools
Software,Event Booking Software,Event Booking Software
Software,Event Check In Software,Event Check In Software
Software,Event Management System,Event Management System
Software,Event Marketing Software,Event Marketing Software
Software,Event Rental Software,Event Rental Software
Software,Exam Software,Exam Software
Software,Expense Report Software,Expense Report Software
Software,Facial Recognition,Facial Recognition
Software,Facility Management Software,Facility Management Software
Software,Family Law Software,Family Law Software
Software,Family Practice Electronic Medical Records Software,Family Practice Electronic Medical Records Software
Software,Farm Management Software,Farm Management Software
Software,Fashion Design Software,Fashion Design Software
Software,Fax Server Software,Fax Server Software
Software,Festival Management Software,Festival Management Software
Software,Field Sales Software,Field Sales Software
Software,Field Service Management Software,Field Service Management Software
Software,Field Service Mobile Apps,Field Service Mobile Apps
Software,File Sharing Software,File Sharing Software
Software,File Sync Software,File Sync Software
Software,Financial Close Software,Financial Close Software
Software,Financial CRM Software,Financial CRM Software
Software,Financial Fraud Detection Software,Financial Fraud Detection Software
Software,Financial Management Software,Financial Management Software
Software,Financial Reporting Software,Financial Reporting Software
Software,Financial Risk Management Software,Financial Risk Management Software
Software,Financial Services Software,Financial Services Software
Software,Fire Department Software,Fire Department Software
Software,Firewall Software,Firewall Software
Software,Fitness Software,Fitness Software
Software,Fixed Asset Management Software,Fixed Asset Management Software
Software,Fleet Maintenance Software,Fleet Maintenance Software
Software,Fleet Management System,Fleet Management System
Software,Floor Plan Software,Floor Plan Software
Software,Florist Software,Florist Software
Software,Flowchart Software,Flowchart Software
Software,Food Costing Software,Food Costing Software
Software,Food Delivery Software,Food Delivery Software
Software,Food Manufacturing Software,Food Manufacturing Software
Software,Food Service Distribution Software,Food Service Distribution Software
Software,Food Service Management Software,Food Service Management Software
Software,Food Traceability Software,Food Traceability Software
Software,Food Truck POS Systems,Food Truck POS Systems
Software,Forestry Software,Forestry Software
Software,Form Builder Software,Form Builder Software
Software,Forms Automation Software,Forms Automation Software
Software,Franchise Management Software,Franchise Management Software
Software,Freight Software,Freight Software
Software,Fuel Management Software,Fuel Management Software
Software,Fund Accounting Software,Fund Accounting Software
Software,Fundraising Software,Fundraising Software
Software,Funeral Home Software,Funeral Home Software
Software,Game Development Software,Game Development Software
Software,Gamification Software,Gamification Software
Software,Gantt Chart Software,Gantt Chart Software
Software,Garage Door Software,Garage Door Software
Software,Garden Center Software,Garden Center Software
Software,GDPR Compliance Software,GDPR Compliance Software
Software,General Ledger Software,General Ledger Software
Software,Generative AI Tools,Generative AI Tools
Software,GIS Software,GIS Software
Software,Golf Course Software,Golf Course Software
Software,Governance Risk and Compliance (GRC),Governance Risk and Compliance (GRC)
Software,Government Software,Government Software
Software,GPS Tracking Software,GPS Tracking Software
Software,Gradebook Software,Gradebook Software
Software,Grant Management Software,Grant Management Software
Software,Graphic Design Software,Graphic Design Software
Software,Gym Management Software,Gym Management Software
Software,Gymnastics Software,Gymnastics Software
Software,Handyman Software,Handyman Software
Software,Headless CMS Software,Headless CMS Software
Software,Headless eCommerce Software,Headless eCommerce Software
Software,Healthcare CRM Software,Healthcare CRM Software
Software,Healthcare LMS Software,Healthcare LMS Software
Software,Heatmap Software,Heatmap Software
Software,Hedge Fund Software,Hedge Fund Software
Software,Help Desk Software,Help Desk Software
Software,Higher Education Software,Higher Education Software
Software,HIPAA Compliance Software,HIPAA Compliance Software
Software,HOA Software,HOA Software
Software,Home Builder Software,Home Builder Software
Software,Home Care Software,Home Care Software
Software,Home Health Care Software,Home Health Care Software
Software,Home Inspection Software,Home Inspection Software
Software,Horse Software,Horse Software
Software,Hospice Software,Hospice Software
Software,Hospital Management Software,Hospital Management Software
Software,Hospitality LMS Software,Hospitality LMS Software
Software,Hospitality Property Management Software,Hospitality Property Management Software
Software,Hostel Management Software,Hostel Management Software
Software,Hotel Channel Management Software,Hotel Channel Management Software
Software,HR Analytics Software,HR Analytics Software
Software,Human Resources Management Software,Human Resources Management Software
Software,Human Services Software,Human Services Software
Software,HVAC Estimating Software,HVAC Estimating Software
Software,Idea Management Software,Idea Management Software
Software,Identity Management Software,Identity Management Software
Software,Identity Verification Software,Identity Verification Software
Software,Image Recognition,Image Recognition
Software,Incident Management Software,Incident Management Software
Software,Influencer Marketing Software,Influencer Marketing Software
Software,Infrastructure-as-a-Service Solutions,Infrastructure-as-a-Service Solutions
Software,Innovation Management Tools,Innovation Management Tools
Software,Inside Sales Software,Inside Sales Software
Software,Insight Engines Software,Insight Engines Software
Software,Inspection Software,Inspection Software
Software,Insurance CRM Software,Insurance CRM Software
Software,Insurance Policy Software,Insurance Policy Software
Software,Insurance Rating Software,Insurance Rating Software
Software,Insurance Software,Insurance Software
Software,Integrated Development Environment (IDE) Software,Integrated Development Environment (IDE) Software
Software,Integrated Risk Management (IRM) Software,Integrated Risk Management (IRM) Software
Software,Integrated Workplace Management Systems (IWMS),Integrated Workplace Management Systems (IWMS)
Software,Integration Software,Integration Software
Software,Intellectual Property Management Software,Intellectual Property Management Software
Software,Internal Communications Software,Internal Communications Software
Software,Intranet Software,Intranet Software
Software,Inventory Control Software,Inventory Control Software
Software,Inventory Management System,Inventory Management System
Software,Investigation Management Software,Investigation Management Software
Software,Investment Management Software,Investment Management Software
Software,IoT Analytics Software,IoT Analytics Software
Software,IoT Platforms,IoT Platforms
Software,iPaaS Software,iPaaS Software
Software,iPad Kiosk Software,iPad Kiosk Software
Software,iPad POS Software,iPad POS Software
Software,Issue Tracking Software,Issue Tracking Software
Software,IT Asset Management Software,IT Asset Management Software
Software,IT Documentation Software,IT Documentation Software
Software,IT Management Software,IT Management Software
Software,IT Project Management Software,IT Project Management Software
Software,IT Service Management (ITSM) Tools,IT Service Management (ITSM) Tools
Software,IT Service Software,IT Service Software
Software,IT Ticketing Systems Software,IT Ticketing Systems Software
Software,IVR Software,IVR Software
Software,Jail Management Software,Jail Management Software
Software,Janitorial Software,Janitorial Software
Software,Java CMS Software,Java CMS Software
Software,Jewelry Store Management Software,Jewelry Store Management Software
Software,Job Board Software,Job Board Software
Software,Job Costing Software,Job Costing Software
Software,Job Evaluation Software,Job Evaluation Software
Software,Job Shop Software,Job Shop Software
Software,K-12 Software,K-12 Software
Software,Kanban Tools,Kanban Tools
Software,Kennel Software,Kennel Software
Software,Key Management Software,Key Management Software
Software,Keyword Research Tools,Keyword Research Tools
Software,Kiosk Software,Kiosk Software
Software,Knowledge Base Software,Knowledge Base Software
Software,Knowledge Management Software,Knowledge Management Software
Software,KPI Software,KPI Software
Software,KYC Software,KYC Software
Software,Label Printing Software,Label Printing Software
Software,Laboratory Information Management System (LIMS) Software,Laboratory Information Management System (LIMS) Software
Software,Laboratory Information Systems (LIS),Laboratory Information Systems (LIS)
Software,Land Management Software,Land Management Software
Software,Landing Page Software,Landing Page Software
Software,Landscape Software,Landscape Software
Software,Language Learning Software,Language Learning Software
Software,Law Enforcement Software,Law Enforcement Software
Software,Law Practice Management Software,Law Practice Management Software
Software,Lawn Care Software,Lawn Care Software
Software,Lead Capture Software,Lead Capture Software
Software,Lead Generation Software,Lead Generation Software
Software,Lead Management Software,Lead Management Software
Software,Lead Nurturing Software,Lead Nurturing Software
Software,Learning Experience Platform (LEP),Learning Experience Platform (LEP)
Software,Lease Accounting Software,Lease Accounting Software
Software,Lease Management Software,Lease Management Software
Software,Leave Management System,Leave Management System
Software,Legal Accounting Software,Legal Accounting Software
Software,Legal Billing Software,Legal Billing Software
Software,Legal Calendar Software,Legal Calendar Software
Software,Legal Case Management Software,Legal Case Management Software
Software,Legal Document Management Software,Legal Document Management Software
Software,Legal Research Software,Legal Research Software
Software,Library Automation Software,Library Automation Software
Software,License Management Software,License Management Software
Software,Link Management Tools,Link Management Tools
Software,Liquor Store POS Software,Liquor Store POS Software
Software,Live Chat Software,Live Chat Software
Software,Live Streaming Software,Live Streaming Software
Software,LMS Software,LMS Software
Software,Load Balancing Software,Load Balancing Software
Software,Load Testing Software,Load Testing Software
Software,Loan Origination Software,Loan Origination Software
Software,Loan Servicing Software,Loan Servicing Software
Software,Local SEO Tools,Local SEO Tools
Software,Localization,Localization
Software,Location Intelligence Software,Location Intelligence Software
Software,Locksmith Software,Locksmith Software
Software,Log Analysis Software,Log Analysis Software
Software,Log Management Software,Log Management Software
Software,Logbook Software,Logbook Software
Software,Logistics Software,Logistics Software
Software,Long Term Care Software,Long Term Care Software
Software,Lost and Found Software,Lost and Found Software
Software,Low Code Development Platform Software,Low Code Development Platform Software
Software,Machine Learning Software,Machine Learning Software
Software,Maid Service Software,Maid Service Software
Software,Mailroom Management Software,Mailroom Management Software
Software,Maintenance Management Software,Maintenance Management Software
Software,Manufacturing Execution Software,Manufacturing Execution Software
Software,Manufacturing Inventory Management Software,Manufacturing Inventory Management Software
Software,Manufacturing System,Manufacturing System
Software,Marine Software,Marine Software
Software,Market Research Software,Market Research Software
Software,Marketing Analytics Software,Marketing Analytics Software
Software,Marketing Attribution Software,Marketing Attribution Software
Software,Marketing Automation Software,Marketing Automation Software
Software,Marketing Planning Software,Marketing Planning Software
Software,Marketing Resource Management (MRM) Software,Marketing Resource Management (MRM) Software
Software,Marketplace Software,Marketplace Software
Software,Martial Arts Software,Martial Arts Software
Software,Massage Therapy Software,Massage Therapy Software
Software,Master Data Management Software,Master Data Management Software
Software,Medical Accounting Software,Medical Accounting Software
Software,Medical Billing Software,Medical Billing Software
Software,Medical Imaging Software,Medical Imaging Software
Software,Medical Inventory Software,Medical Inventory Software
Software,Medical Lab Software,Medical Lab Software
Software,Medical Scheduling Software,Medical Scheduling Software
Software,Medical Software,Medical Software
Software,Medical Spa Software,Medical Spa Software
Software,Medical Transcription Software,Medical Transcription Software
Software,Meeting Room Booking Software,Meeting Room Booking Software
Software,Meeting Software,Meeting Software
Software,Membership Management Software,Membership Management Software
Software,Mental Health EHR Software,Mental Health EHR Software
Software,Mental Health Software,Mental Health Software
Software,Mentoring Software,Mentoring Software
Software,Metadata Management Tools,Metadata Management Tools
Software,Metal Fabrication Software,Metal Fabrication Software
Software,Microlearning Software,Microlearning Software
Software,Mileage Tracking Software,Mileage Tracking Software
Software,Mind Mapping Software,Mind Mapping Software
Software,Mining Software,Mining Software
Software,MLM Software,MLM Software
Software,Mobile Analytics Software,Mobile Analytics Software
Software,Mobile Banking Software,Mobile Banking Software
Software,Mobile Content Management Software,Mobile Content Management Software
Software,Mobile Credit Card Processing Software,Mobile Credit Card Processing Software
Software,Mobile Device Management Software,Mobile Device Management Software
Software,Mobile Event Apps,Mobile Event Apps
Software,Mobile Home Park Management Software,Mobile Home Park Management Software
Software,Mobile Learning Software,Mobile Learning Software
Software,Mobile Marketing Software,Mobile Marketing Software
Software,Mobility Software,Mobility Software
Software,Mortgage Software,Mortgage Software
Software,Motel Software,Motel Software
Software,Moving Software,Moving Software
Software,MRP Software,MRP Software
Software,MSP Software,MSP Software
Software,Multi-Channel eCommerce Software,Multi-Channel eCommerce Software
Software,Multi-Country Payroll,Multi-Country Payroll
Software,Multi-Factor Authentication Software,Multi-Factor Authentication Software
Software,Municipal Software,Municipal Software
Software,Museum Software,Museum Software
Software,Music School Software,Music School Software
Software,Natural Language Processing (NLP) Software,Natural Language Processing (NLP) Software
Software,Network Access Control (NAC) Software,Network Access Control (NAC) Software
Software,Network Management Software,Network Management Software
Software,Network Mapping Software,Network Mapping Software
Software,Network Monitoring Tool,Network Monitoring Tool
Software,Network Security Software,Network Security Software
Software,Network Troubleshooting Software,Network Troubleshooting Software
Software,Neurology EMR Software,Neurology EMR Software
Software,NFT Creation Software,NFT Creation Software
Software,No-Code Development Platforms,No-Code Development Platforms
Software,Nonprofit Accounting Software,Nonprofit Accounting Software
Software,Nonprofit CRM Software,Nonprofit CRM Software
Software,Nonprofit Project Management Software,Nonprofit Project Management Software
Software,Nonprofit Software,Nonprofit Software
Software,NoSQL Databases Software,NoSQL Databases Software
Software,Note-Taking Software,Note-Taking Software
Software,Observability Tools,Observability Tools
Software,Occupational Health Software,Occupational Health Software
Software,Occupational Therapy Software,Occupational Therapy Software
Software,OCR Software,OCR Software
Software,OEE Software,OEE Software
Software,Oil and Gas Software,Oil and Gas Software
Software,OKR Software,OKR Software
Software,Onboard Board Management Software,Onboard Board Management Software
Software,Onboarding Software,Onboarding Software
Software,Online Banking Software,Online Banking Software
Software,Online CRM Software,Online CRM Software
Software,Online Ordering Software,Online Ordering Software
Software,Online Proofing Software,Online Proofing Software
Software,Operating Systems Software,Operating Systems Software
Software,Ophthalmology EMR Software,Ophthalmology EMR Software
Software,Optometry Software,Optometry Software
Software,Order Entry Software,Order Entry Software
Software,Order Fulfillment Software,Order Fulfillment Software
Software,Order Management System,Order Management System
Software,Org Chart Software,Org Chart Software
Software,Orthopedic EMR Software,Orthopedic EMR Software
Software,Packaging Software,Packaging Software
Software,PACS Software,PACS Software
Software,Pain Management EMR Software,Pain Management EMR Software
Software,Parcel Audit Software,Parcel Audit Software
Software,Parking Management Software,Parking Management Software
Software,Parks and Recreation Software,Parks and Recreation Software
Software,Partner Management Software,Partner Management Software
Software,Password Management Software,Password Management Software
Software,Patch Management Software,Patch Management Software
Software,Patient Case Management Software,Patient Case Management Software
Software,Patient Engagement Software,Patient Engagement Software
Software,Patient Management Software,Patient Management Software
Software,Patient Portal Software,Patient Portal Software
Software,Patient Scheduling Software,Patient Scheduling Software
Software,Pawn Shop Software,Pawn Shop Software
Software,Payment Processing Software,Payment Processing Software
Software,Payroll Software,Payroll Software
Software,PCI Compliance Software,PCI Compliance Software
Software,PDF Editor Software,PDF Editor Software
Software,PDF Software,PDF Software
Software,Pediatric Software,Pediatric Software
Software,Penetration Testing,Penetration Testing
Software,PEO Software,PEO Software
Software,Performance Management System,Performance Management System
Software,Performance Testing Software,Performance Testing Software
Software,Permit Software,Permit Software
Software,Personal Trainer Software,Personal Trainer Software
Software,Personalization Software,Personalization Software
Software,Pest Control Software,Pest Control Software
Software,Pet Grooming Software,Pet Grooming Software
Software,Pet Sitting Software,Pet Sitting Software
Software,Pharmacy Software,Pharmacy Software
Software,Photo Editing Software,Photo Editing Software
Software,Photography Studio Software,Photography Studio Software
Software,Physical Security Software,Physical Security Software
Software,Physical Therapy Software,Physical Therapy Software
Software,Pilates Studio Software,Pilates Studio Software
Software,Plagiarism Checker Software,Plagiarism Checker Software
Software,Plastic Surgery Software,Plastic Surgery Software
Software,Plumbing Estimating Software,Plumbing Estimating Software
Software,Plumbing Software,Plumbing Software
Software,Podcast Hosting Software,Podcast Hosting Software
Software,Podiatry EMR Software,Podiatry EMR Software
Software,Podiatry Software,Podiatry Software
Software,Point of Sale Software,Point of Sale Software
Software,Policy Management Software,Policy Management Software
Software,Political Campaign Software,Political Campaign Software
Software,Polling Software,Polling Software
Software,Pool Service Software,Pool Service Software
Software,Portal Software,Portal Software
Software,PPC Software,PPC Software
Software,Predictive Analytics Software,Predictive Analytics Software
Software,Predictive Dialer Software,Predictive Dialer Software
Software,Predictive Lead Scoring Software,Predictive Lead Scoring Software
Software,Pre-employment Testing Software,Pre-employment Testing Software
Software,Presentation Software,Presentation Software
Software,Preventive Maintenance Software,Preventive Maintenance Software
Software,Pricing Optimization Software,Pricing Optimization Software
Software,Primary Care EHR Software,Primary Care EHR Software
Software,Print Estimating Software,Print Estimating Software
Software,Print Management Software,Print Management Software
Software,Privileged Access Management Software,Privileged Access Management Software
Software,Proctoring Software,Proctoring Software
Software,Procure to Pay Software,Procure to Pay Software
Software,Procurement Software,Procurement Software
Software,Product Analytics Software,Product Analytics Software
Software,Product Configurator Software,Product Configurator Software
Software,Product Data Management Software,Product Data Management Software
Software,Product Information Management (PIM) Systems,Product Information Management (PIM) Systems
Software,Product Lifecycle Management Software,Product Lifecycle Management Software
Software,Product Management Software,Product Management Software
Software,Product Roadmap Software,Product Roadmap Software
Software,Production Scheduling Software,Production Scheduling Software
Software,Productivity Software,Productivity Software
Software,Professional Services Automation Software,Professional Services Automation Software
Software,Project Accounting Software,Project Accounting Software
Software,Project Management Software,Project Management Software
Software,Project Planning Software,Project Planning Software
Software,Project Portfolio Management Software,Project Portfolio Management Software
Software,Project Tracking Software,Project Tracking Software
Software,Proofreading Software,Proofreading Software
Software,Property and Casualty (P&C) Insurance Software,Property and Casualty (P&C) Insurance Software
Software,Property Management Accounting Software,Property Management Accounting Software
Software,Property Management Software,Property Management Software
Software,Proposal Management Software,Proposal Management Software
Software,Prototyping Software,Prototyping Software
Software,Psychiatry Electronic Medical Records Software,Psychiatry Electronic Medical Records Software
Software,Public Relations Software,Public Relations Software
Software,Public Transportation Software,Public Transportation Software
Software,Public Works Software,Public Works Software
Software,Publishing and Subscriptions Software,Publishing and Subscriptions Software
Software,Punch List Software,Punch List Software
Software,Purchasing Software,Purchasing Software
Software,Push Notifications Software,Push Notifications Software
Software,Qualitative Data Analysis Software,Qualitative Data Analysis Software
Software,Quality Management System,Quality Management System
Software,Quoting Software,Quoting Software
Software,Radiology Software,Radiology Software
Software,RDBMS Software,RDBMS Software
Software,Real Estate Accounting Software,Real Estate Accounting Software
Software,Real Estate Agency Software,Real Estate Agency Software
Software,Real Estate CMA Software,Real Estate CMA Software
Software,Real Estate CRM Software,Real Estate CRM Software
Software,Real Estate Property Management Software,Real Estate Property Management Software
Software,Real Estate Transaction Management Software,Real Estate Transaction Management Software
Software,Recruiting Agency Software,Recruiting Agency Software
Software,Recruiting Software,Recruiting Software
Software,Recruitment Marketing Platforms,Recruitment Marketing Platforms
Software,Recurring Billing Software,Recurring Billing Software
Software,Recycling Software,Recycling Software
Software,Reference Check Software,Reference Check Software
Software,Referral Software,Referral Software
Software,Registration Software,Registration Software
Software,Relocation Software,Relocation Software
Software,Remodeling Estimating Software,Remodeling Estimating Software
Software,Remote Desktop Software,Remote Desktop Software
Software,Remote Monitoring and Management Software,Remote Monitoring and Management Software
Software,Remote Patient Monitoring Software,Remote Patient Monitoring Software
Software,Remote Support Software,Remote Support Software
Software,Remote Work Software,Remote Work Software
Software,Rental Software,Rental Software
Software,Reporting Tools,Reporting Tools
Software,Reputation Management Software,Reputation Management Software
Software,Requirements Management Software,Requirements Management Software
Software,Reservations Software,Reservations Software
Software,Residential Construction Estimating Software,Residential Construction Estimating Software
Software,Resource Management Software,Resource Management Software
Software,Restaurant Management Software,Restaurant Management Software
Software,SaaS Management Software,SaaS Management Software
Software,Safety Management Software,Safety Management Software
Software,Sales Coaching Software,Sales Coaching Software
Software,Sales Content Management Software,Sales Content Management Software
Software,Sales Enablement Tool,Sales Enablement Tool
Software,Sales Engagement Platform Software,Sales Engagement Platform Software
Software,Sales Force Automation Software,Sales Force Automation Software
Software,Sales Forecasting Software,Sales Forecasting Software
Software,Sales Intelligence Tools,Sales Intelligence Tools
Software,Sales Performance Management Software,Sales Performance Management Software
Software,Sales Tax Software,Sales Tax Software
Software,Sales Tracking Software,Sales Tracking Software
Software,Salon Software,Salon Software
Software,SCADA Software,SCADA Software
Software,Scheduling Software,Scheduling Software
Software,Scholarship Management Software,Scholarship Management Software
Software,School Accounting Software,School Accounting Software
Software,School Bus Routing Software,School Bus Routing Software
Software,School Facilities Management,School Facilities Management
Software,School Management Software,School Management Software
Software,Screen Recording Software,Screen Recording Software
Software,Screen Sharing Software,Screen Sharing Software
Software,Screenwriting Software,Screenwriting Software
Software,Scrum Software,Scrum Software
Software,Secure Email Gateway Software,Secure Email Gateway Software
Software,Security Awareness Training Software,Security Awareness Training Software
Software,Security Orchestration Automation and Response (SOAR) Software,Security Orchestration Automation and Response (SOAR) Software
Software,Security System Installer Software,Security System Installer Software
Software,Self Storage Software,Self Storage Software
Software,Self-Service Password Reset (SSPR) Software,Self-Service Password Reset (SSPR) Software
Software,SEO Software,SEO Software
Software,Server Backup Software,Server Backup Software
Software,Server Management Software,Server Management Software
Software,Server Monitoring Software,Server Monitoring Software
Software,Service Desk Software,Service Desk Software
Software,Service Dispatch Software,Service Dispatch Software
Software,Shipment Tracking Software,Shipment Tracking Software
Software,Shipping Software,Shipping Software
Software,Shopping Cart Software,Shopping Cart Software
Software,SIEM Software,SIEM Software
Software,Simulation Software,Simulation Software
Software,Single Sign On (SSO) Software,Single Sign On (SSO) Software
Software,Small Business CRM Software,Small Business CRM Software
Software,Small Business Loyalty Programs Software,Small Business Loyalty Programs Software
Software,Small Business Manufacturing Software,Small Business Manufacturing Software
Software,Small Business Payroll Software,Small Business Payroll Software
Software,SMS Marketing Software,SMS Marketing Software
Software,SMS Survey Software,SMS Survey Software
Software,Social CRM Tools,Social CRM Tools
Software,Social Listening Tools,Social Listening Tools
Software,Social Media Analytics Tools,Social Media Analytics Tools
Software,Social Media Management Software,Social Media Management Software
Software,Social Media Marketing Software,Social Media Marketing Software
Software,Social Media Monitoring Software,Social Media Monitoring Software
Software,Social Networking Software,Social Networking Software
Software,Social Selling Software,Social Selling Software
Software,Social Work Case Management Software,Social Work Case Management Software
Software,Softphone Software,Softphone Software
Software,Solar Software,Solar Software
Software,Source Code Management Software,Source Code Management Software
Software,Sourcing Software,Sourcing Software
Software,Spa Software,Spa Software
Software,Space Management Software,Space Management Software
Software,Speech Analytics Software,Speech Analytics Software
Software,Speech Recognition Software,Speech Recognition Software
Software,Speech Therapy Software,Speech Therapy Software
Software,Spend Management Software,Spend Management Software
Software,Sports League Software,Sports League Software
Software,Spreadsheet Software,Spreadsheet Software
Software,Staffing Agency Software,Staffing Agency Software
Software,Static Application Security Testing (SAST) Software,Static Application Security Testing (SAST) Software
Software,Statistical Analysis Software,Statistical Analysis Software
Software,Statistical Process Control (SPC) Software,Statistical Process Control (SPC) Software
Software,Stock Portfolio Management Software,Stock Portfolio Management Software
Software,Store Locator Software,Store Locator Software
Software,Strategic Planning Software,Strategic Planning Software
Software,Student Engagement Platform,Student Engagement Platform
Software,Student Information Systems (SIS),Student Information Systems (SIS)
Software,Subcontractor Software,Subcontractor Software
Software,Subscription Management Software,Subscription Management Software
Software,Substance Abuse EMR Software,Substance Abuse EMR Software
Software,Succession Planning Software,Succession Planning Software
Software,Supply Chain Management Software,Supply Chain Management Software
Software,Survey Tools,Survey Tools
Software,Sustainability Software,Sustainability Software
Software,Swim School Software,Swim School Software
Software,Takeoff Software,Takeoff Software
Software,Talent Management System,Talent Management System
Software,Task Management Software,Task Management Software
Software,Tattoo Studio Software,Tattoo Studio Software
Software,Tax Practice Management Software,Tax Practice Management Software
Software,Tax Preparation Software,Tax Preparation Software
Software,Team Communication Software,Team Communication Software
Software,Team Management Software,Team Management Software
Software,Telecom Expense Management Software,Telecom Expense Management Software
Software,Telemarketing Software,Telemarketing Software
Software,Telemedicine Software,Telemedicine Software
Software,Telephony Software,Telephony Software
Software,Test Management Tools,Test Management Tools
Software,Text Mining Software,Text Mining Software
Software,Text-to-Image Tools,Text-to-Image Tools
Software,Text-To-Speech Software,Text-To-Speech Software
Software,Therapy Notes Software,Therapy Notes Software
Software,Therapy Software,Therapy Software
Software,Third Party Logistics (3PL) Software,Third Party Logistics (3PL) Software
Software,Threat Intelligence Software,Threat Intelligence Software
Software,Ticketing Tools,Ticketing Tools
Software,Time and Expense Software,Time and Expense Software
Software,Time Clock Software,Time Clock Software
Software,Time Tracking Software,Time Tracking Software
Software,Timeshare Software,Timeshare Software
Software,Tool Management Software,Tool Management Software
Software,Tour Operator Software,Tour Operator Software
Software,Towing Software,Towing Software
Software,Trade Promotion Management Software,Trade Promotion Management Software
Software,Training Software,Training Software
Software,Transactional Email Software,Transactional Email Software
Software,Transcription Software,Transcription Software
Software,Translation Management Software,Translation Management Software
Software,Transportation Dispatch Software,Transportation Dispatch Software
Software,Transportation Management Software,Transportation Management Software
Software,Travel Agency Software,Travel Agency Software
Software,Travel Management Software,Travel Management Software
Software,Treasury Software,Treasury Software
Software,Trucking Accounting Software,Trucking Accounting Software
Software,Trucking Software,Trucking Software
Software,Trust Accounting Software,Trust Accounting Software
Software,Tutoring Software,Tutoring Software
Software,Unified Communications Software,Unified Communications Software
Software,Unified Endpoint Management (UEM) Software,Unified Endpoint Management (UEM) Software
Software,Urgent Care EMR Software,Urgent Care EMR Software
Software,URL Shortener Software,URL Shortener Software
Software,Urology EMR Software,Urology EMR Software
Software,User Testing Software,User Testing Software
Software,Utility Billing Software,Utility Billing Software
Software,Utility Management Systems Software,Utility Management Systems Software
Software,UX Software,UX Software
Software,Vacation Rental Software,Vacation Rental Software
Software,Vaccine Management Software,Vaccine Management Software
Software,Vector Graphics Software,Vector Graphics Software
Software,Vendor Management Software,Vendor Management Software
Software,Venue Management Software,Venue Management Software
Software,Veterinary Software,Veterinary Software
Software,Video Conferencing Software,Video Conferencing Software
Software,Video Editing Software,Video Editing Software
Software,Video Hosting Software,Video Hosting Software
Software,Video Interview Software,Video Interview Software
Software,Video Making Software,Video Making Software
Software,Video Management Software,Video Management Software
Software,Video Marketing Software,Video Marketing Software
Software,Video Surveillance Platform,Video Surveillance Platform
Software,Virtual Assistant Software,Virtual Assistant Software
Software,Virtual Classroom Software,Virtual Classroom Software
Software,Virtual Data Room Software,Virtual Data Room Software
Software,Virtual Desktop Infrastructure (VDI) Software,Virtual Desktop Infrastructure (VDI) Software
Software,Virtual Event Software,Virtual Event Software
Software,Virtual Machine Software,Virtual Machine Software
Software,Virtual Private Server Software,Virtual Private Server Software
Software,Virtual Reality (VR) Software,Virtual Reality (VR) Software
Software,Virtual Tour Software,Virtual Tour Software
Software,Virtualization Software,Virtualization Software
Software,Visitor Management Systems,Visitor Management Systems
Software,Visual Search Software,Visual Search Software
Software,VoIP Software,VoIP Software
Software,Volunteer Management Software,Volunteer Management Software
Software,Voting Software,Voting Software
Software,VPN Software,VPN Software
Software,Vulnerability Management Software,Vulnerability Management Software
Software,Vulnerability Scanner Software,Vulnerability Scanner Software
Software,Waitlist Software,Waitlist Software
Software,Waiver Software,Waiver Software
Software,Warehouse Management System,Warehouse Management System
Software,Warranty Management Software,Warranty Management Software
Software,Waste Management Software,Waste Management Software
Software,Web Analytics Software,Web Analytics Software
Software,Web Conferencing Software,Web Conferencing Software
Software,Web Content Management Software,Web Content Management Software
Software,Web Scraping,Web Scraping
Software,Web to Print Software,Web to Print Software
Software,Webinar Software,Webinar Software
Software,Website Accessibility Software,Website Accessibility Software
Software,Website Builder Software,Website Builder Software
Software,Website Monitoring Software,Website Monitoring Software
Software,Website Optimization Tools,Website Optimization Tools
Software,Website Security Software,Website Security Software
Software,Whistleblowing Software,Whistleblowing Software
Software,Whiteboard Software,Whiteboard Software
Software,Winery Software,Winery Software
Software,Wireframe Software,Wireframe Software
Software,Wireless Expense Management Software,Wireless Expense Management Software
Software,Work Order Software,Work Order Software
Software,Workflow Management System,Workflow Management System
Software,Workforce Management Software,Workforce Management Software
Software,Worship Software,Worship Software
Software,XDR Platforms (Extended Detection & Response),XDR Platforms (Extended Detection & Response)
Software,Yard Management Software,Yard Management Software
Software,Yoga Studio Software,Yoga Studio Software
Software,Zoo Software,Zoo Software